Ryan|Ryan LaNeve|ryan.laneve@avispl.com
George|George Cox|george.cox@avispl.com
Joey|Joey Shipley|joe.shipley@avispl.com
Jeremy|Jeremy Schwartzberg|jeremy.schwartzberg@avispl.com
Josh|Josh Schwartzberg|josh.schwartzberg@avispl.com
Kevin|Kevin Rood|kevin.rood@avispl.com
Erick|Erick Dahling|erick.dahling@avispl.com
Wayne|Wayne Molena|wayne.molena@avispl.com
